행정구역,소아청소년_인구수
서울특별시,1204547
부산광역시,444588
대구광역시,354666
인천광역시,467772
광주광역시,238255
대전광역시,227126
울산광역시,182467
세종특별자치시,93890
경기도,2258295
강원특별자치도,212406
충청북도,240833
충청남도,337103
전북특별자치도,256451
전라남도,257806
경상북도,356011
경상남도,509149
제주특별자치도,118018
