,행정구역,소아청소년과
0,강원특별자치도,112
1,경기도,1404
2,경상남도,190
3,경상북도,144
4,광주광역시,82
5,대구광역시,236
6,대전광역시,112
7,부산광역시,282
8,서울특별시,456
9,세종특별자치시,54
10,울산광역시,66
11,인천광역시,288
12,전라남도,50
13,전북특별자치도,132
14,제주특별자치도,70
15,충청남도,128
16,충청북도,112
